<?xml version='1.0' encoding='utf-8'?>
<!--
  ~ Hibernate, Relational Persistence for Idiomatic Java
  ~
  ~ License: GNU Lesser General Public License (LGPL), version 2.1 or later.
  ~ See the lgpl.txt file in the root directory or <http://www.gnu.org/licenses/lgpl-2.1.html>.
  -->
<!DOCTYPE hibernate-configuration PUBLIC
        "-//Hibernate/Hibernate Configuration DTD 3.0//EN"
        "http://www.hibernate.org/dtd/hibernate-configuration-3.0.dtd">

<hibernate-configuration>

    <session-factory>

        <!-- Database connection settings -->
        <!-- <property name="connection.driver_class">org.hsqldb.jdbcDriver</property>
                    <property name="connection.url">jdbc:hsqldb:hsql://localhost/TestDB</property> -->

        <property name="connection.driver_class">org.postgresql.Driver</property>
        <property name="connection.url">jdbc:postgresql://localhost:5433/hibernatedb</property>
        <property name="connection.username">postgre</property>
        <property name="connection.password">kenny</property>

        <!-- JDBC connection pool (use the built-in) -->
        <property name="connection.pool_size">1</property>

        <!-- SQL dialect -->
        <property name="dialect">
            org.hibernate.dialect.PostgreSQLDialect
        </property>

        <!-- Enable Hibernate's automatic session context management -->
        <property name="current_session_context_class">thread</property>

        <property name="cache.use_query_cache">true</property>
        <property name="cache.use_second_level_cache">true</property>
        <property name="cache.use_structured_entries">true</property>
        <property name="cache.region.factory_class">org.hibernate.cache.jcache.JCacheRegionFactory</property>
        <property name="net.sf.ehcache.configurationResourceName">/hibernate-config/ehcache.xml</property>
        
        <!-- Echo all executed SQL to stdout -->
        <property name="show_sql">true</property>

        <mapping resource="hibernate-config/domain/Event.hbm.xml"/>
        <mapping resource="hibernate-config/domain/Person.hbm.xml"/>
        <mapping resource="hibernate-config/domain/PhoneNumber.hbm.xml"/>
        <mapping resource="hibernate-config/domain/Account.hbm.xml"/>
        <mapping resource="hibernate-config/domain/HolidayCalendar.hbm.xml"/>

        <mapping resource="hibernate-config/domain/Item.hbm.xml"/>
        
        <!-- Drop and re-create the database schema on startup -->
        <property name = "hbm2ddl.auto">create</property>
        
        <!-- Names the annotated entity class -->
	<mapping class = "com.niit.shoppingcart"/>
    </session-factory>

</hibernate-configuration>
